outlet_id,brand,district,depot,dock_type,parking_constraint,mall_window,window_open_time,window_close_time
OUT-FRESH-001,Fresh,Colombo,Peliyagoda,street,normal,,04:00:00,08:00:00
OUT-FRESH-002,Fresh,Colombo,Peliyagoda,street,normal,,04:00:00,08:00:00
OUT-FRESH-003,Fresh,Colombo,Peliyagoda,rear_dock,normal,,04:00:00,08:00:00
OUT-FRESH-004,Fresh,Colombo,Peliyagoda,street,normal,,04:00:00,08:00:00
OUT-FRESH-005,Fresh,Colombo,Peliyagoda,street,normal,,04:00:00,08:00:00
OUT-FRESH-006,Fresh,Colombo,Peliyagoda,rear_dock,normal,,04:00:00,08:00:00
OUT-FRESH-007,Fresh,Colombo,Peliyagoda,mall_bay,mall_dock,06:00-08:00,06:00:00,08:00:00
OUT-FRESH-008,Fresh,Colombo,Peliyagoda,street,van_only,,04:00:00,08:00:00
OUT-FRESH-009,Fresh,Colombo,Peliyagoda,rear_dock,normal,,04:00:00,08:00:00
OUT-FRESH-010,Fresh,Colombo,Peliyagoda,street,normal,,04:00:00,08:00:00
OUT-FRESH-011,Fresh,Colombo,Peliyagoda,street,normal,,04:00:00,08:00:00
OUT-FRESH-012,Fresh,Colombo,Peliyagoda,rear_dock,normal,,04:00:00,08:00:00
OUT-FRESH-013,Fresh,Colombo,Peliyagoda,street,normal,,04:00:00,08:00:00
OUT-FRESH-014,Fresh,Colombo,Peliyagoda,mall_bay,mall_dock,06:00-08:00,06:00:00,08:00:00
OUT-FRESH-015,Fresh,Colombo,Peliyagoda,rear_dock,normal,,04:00:00,08:00:00
OUT-FRESH-016,Fresh,Colombo,Peliyagoda,street,van_only,,04:00:00,08:00:00
OUT-FRESH-017,Fresh,Colombo,Peliyagoda,street,normal,,04:00:00,08:00:00
OUT-FRESH-018,Fresh,Colombo,Peliyagoda,rear_dock,normal,,04:00:00,08:00:00
OUT-FRESH-019,Fresh,Colombo,Peliyagoda,street,normal,,04:00:00,08:00:00
OUT-FRESH-020,Fresh,Colombo,Peliyagoda,street,normal,,04:00:00,08:00:00
OUT-FRESH-021,Fresh,Colombo,Peliyagoda,rear_dock,normal,,04:00:00,08:00:00
OUT-FRESH-022,Fresh,Colombo,Peliyagoda,street,normal,,04:00:00,08:00:00
OUT-FRESH-023,Fresh,Colombo,Peliyagoda,street,normal,,04:00:00,08:00:00
OUT-FRESH-024,Fresh,Colombo,Peliyagoda,rear_dock,van_only,,04:00:00,08:00:00
OUT-FRESH-025,Fresh,Colombo,Peliyagoda,street,normal,,04:00:00,08:00:00
OUT-FRESH-026,Fresh,Colombo,Peliyagoda,street,normal,,04:00:00,08:00:00
OUT-FRESH-027,Fresh,Colombo,Peliyagoda,rear_dock,normal,,04:00:00,08:00:00
OUT-FRESH-028,Fresh,Colombo,Peliyagoda,mall_bay,mall_dock,06:00-08:00,06:00:00,08:00:00
OUT-FRESH-029,Fresh,Colombo,Peliyagoda,street,normal,,04:00:00,08:00:00
OUT-FRESH-030,Fresh,Colombo,Peliyagoda,rear_dock,normal,,04:00:00,08:00:00
OUT-FRESH-031,Fresh,Gampaha,Peliyagoda,street,normal,,04:00:00,08:00:00
OUT-FRESH-032,Fresh,Gampaha,Peliyagoda,rear_dock,normal,,04:00:00,08:00:00
OUT-FRESH-033,Fresh,Gampaha,Peliyagoda,street,normal,,04:00:00,08:00:00
OUT-FRESH-034,Fresh,Gampaha,Peliyagoda,rear_dock,normal,,04:00:00,08:00:00
OUT-FRESH-035,Fresh,Gampaha,Peliyagoda,street,normal,,04:00:00,08:00:00
OUT-FRESH-036,Fresh,Gampaha,Peliyagoda,rear_dock,van_only,,04:00:00,08:00:00
OUT-FRESH-037,Fresh,Gampaha,Peliyagoda,street,normal,,04:00:00,08:00:00
OUT-FRESH-038,Fresh,Gampaha,Peliyagoda,rear_dock,normal,,04:00:00,08:00:00
OUT-FRESH-039,Fresh,Gampaha,Peliyagoda,street,normal,,04:00:00,08:00:00
OUT-FRESH-040,Fresh,Gampaha,Peliyagoda,rear_dock,normal,,04:00:00,08:00:00
OUT-FRESH-041,Fresh,Gampaha,Peliyagoda,street,normal,,04:00:00,08:00:00
OUT-FRESH-042,Fresh,Gampaha,Peliyagoda,rear_dock,normal,,04:00:00,08:00:00
OUT-FRESH-043,Fresh,Gampaha,Peliyagoda,street,normal,,04:00:00,08:00:00
OUT-FRESH-044,Fresh,Gampaha,Peliyagoda,rear_dock,normal,,04:00:00,08:00:00
OUT-FRESH-045,Fresh,Gampaha,Peliyagoda,street,van_only,,04:00:00,08:00:00
OUT-FRESH-046,Fresh,Gampaha,Peliyagoda,rear_dock,normal,,04:00:00,08:00:00
OUT-FRESH-047,Fresh,Gampaha,Peliyagoda,street,normal,,04:00:00,08:00:00
OUT-FRESH-048,Fresh,Gampaha,Peliyagoda,rear_dock,normal,,04:00:00,08:00:00
OUT-FRESH-049,Fresh,Gampaha,Peliyagoda,street,normal,,04:00:00,08:00:00
OUT-FRESH-050,Fresh,Gampaha,Peliyagoda,rear_dock,normal,,04:00:00,08:00:00
OUT-FRESH-051,Fresh,Kalutara,Peliyagoda,rear_dock,normal,,04:00:00,08:00:00
OUT-FRESH-052,Fresh,Kalutara,Peliyagoda,street,normal,,04:00:00,08:00:00
OUT-FRESH-053,Fresh,Kalutara,Peliyagoda,rear_dock,normal,,04:00:00,08:00:00
OUT-FRESH-054,Fresh,Kalutara,Peliyagoda,street,normal,,04:00:00,08:00:00
OUT-FRESH-055,Fresh,Kalutara,Peliyagoda,rear_dock,normal,,04:00:00,08:00:00
OUT-FRESH-056,Fresh,Kandy,Kandy,rear_dock,normal,,04:00:00,08:00:00
OUT-FRESH-057,Fresh,Kandy,Kandy,street,normal,,04:00:00,08:00:00
OUT-FRESH-058,Fresh,Kandy,Kandy,rear_dock,normal,,04:00:00,08:00:00
OUT-FRESH-059,Fresh,Kandy,Kandy,street,normal,,04:00:00,08:00:00
OUT-FRESH-060,Fresh,Kandy,Kandy,rear_dock,van_only,,04:00:00,08:00:00
OUT-FRESH-061,Fresh,Kandy,Kandy,street,normal,,04:00:00,08:00:00
OUT-FRESH-062,Fresh,Kandy,Kandy,rear_dock,normal,,04:00:00,08:00:00
OUT-FRESH-063,Fresh,Kandy,Kandy,street,normal,,04:00:00,08:00:00
OUT-FRESH-064,Fresh,Kandy,Kandy,rear_dock,normal,,04:00:00,08:00:00
OUT-FRESH-065,Fresh,Kandy,Kandy,street,van_only,,04:00:00,08:00:00
OUT-FRESH-066,Fresh,Kandy,Kandy,rear_dock,normal,,04:00:00,08:00:00
OUT-FRESH-067,Fresh,Kandy,Kandy,street,normal,,04:00:00,08:00:00
OUT-FRESH-068,Fresh,Kandy,Kandy,rear_dock,normal,,04:00:00,08:00:00
OUT-FRESH-069,Fresh,Kandy,Kandy,street,normal,,04:00:00,08:00:00
OUT-FRESH-070,Fresh,Kandy,Kandy,rear_dock,van_only,,04:00:00,08:00:00
OUT-FRESH-071,Fresh,Matale,Kandy,street,normal,,04:00:00,08:00:00
OUT-FRESH-072,Fresh,Matale,Kandy,street,normal,,04:00:00,08:00:00
OUT-FRESH-073,Fresh,Matale,Kandy,street,normal,,04:00:00,08:00:00
OUT-FRESH-074,Fresh,Matale,Kandy,street,normal,,04:00:00,08:00:00
OUT-FRESH-075,Fresh,Matale,Kandy,street,normal,,04:00:00,08:00:00
OUT-FRESH-076,Fresh,Matale,Kandy,street,normal,,04:00:00,08:00:00
OUT-FRESH-077,Fresh,Matale,Kandy,street,normal,,04:00:00,08:00:00
OUT-FRESH-078,Fresh,Nuwara Eliya,Kandy,rear_dock,van_only,,04:30:00,08:00:00
OUT-FRESH-079,Fresh,Nuwara Eliya,Kandy,rear_dock,van_only,,04:30:00,08:00:00
OUT-FRESH-080,Fresh,Nuwara Eliya,Kandy,rear_dock,van_only,,04:30:00,08:00:00
OUT-STYLE-001,Style,Colombo,Peliyagoda,street,normal,,09:00:00,18:00:00
OUT-STYLE-002,Style,Colombo,Peliyagoda,street,normal,,09:00:00,18:00:00
OUT-STYLE-003,Style,Colombo,Peliyagoda,mall_bay,mall_dock,10:00-14:00,09:00:00,18:00:00
OUT-STYLE-004,Style,Colombo,Peliyagoda,street,normal,,09:00:00,18:00:00
OUT-STYLE-005,Style,Colombo,Peliyagoda,street,normal,,09:00:00,18:00:00
OUT-STYLE-006,Style,Colombo,Peliyagoda,mall_bay,mall_dock,10:00-14:00,09:00:00,18:00:00
OUT-STYLE-007,Style,Colombo,Peliyagoda,street,normal,,09:00:00,18:00:00
OUT-STYLE-008,Style,Colombo,Peliyagoda,street,normal,,09:00:00,18:00:00
OUT-STYLE-009,Style,Colombo,Peliyagoda,mall_bay,mall_dock,10:00-14:00,09:00:00,18:00:00
OUT-STYLE-010,Style,Colombo,Peliyagoda,street,normal,,09:00:00,18:00:00
OUT-STYLE-011,Style,Colombo,Peliyagoda,street,normal,,09:00:00,18:00:00
OUT-STYLE-012,Style,Colombo,Peliyagoda,mall_bay,mall_dock,10:00-14:00,09:00:00,18:00:00
OUT-STYLE-013,Style,Gampaha,Peliyagoda,street,normal,,09:00:00,17:00:00
OUT-STYLE-014,Style,Gampaha,Peliyagoda,street,normal,,09:00:00,17:00:00
OUT-STYLE-015,Style,Gampaha,Peliyagoda,street,normal,,09:00:00,17:00:00
OUT-STYLE-016,Style,Gampaha,Peliyagoda,street,normal,,09:00:00,17:00:00
OUT-STYLE-017,Style,Gampaha,Peliyagoda,street,normal,,09:00:00,17:00:00
OUT-STYLE-018,Style,Kandy,Kandy,street,normal,,09:00:00,18:00:00
OUT-STYLE-019,Style,Kandy,Kandy,street,van_only,,09:00:00,18:00:00
OUT-STYLE-020,Style,Kandy,Kandy,mall_bay,mall_dock,10:00-13:00,09:00:00,18:00:00
OUT-STYLE-021,Style,Kandy,Kandy,street,normal,,09:00:00,18:00:00
OUT-STYLE-022,Style,Kandy,Kandy,street,normal,,09:00:00,18:00:00
OUT-STYLE-023,Style,Matale,Kandy,rear_dock,normal,,09:00:00,17:00:00
OUT-STYLE-024,Style,Matale,Kandy,rear_dock,normal,,09:00:00,17:00:00
OUT-STYLE-025,Style,Matale,Kandy,rear_dock,normal,,09:00:00,17:00:00
OUT-TECH-001,Tech,Colombo,Peliyagoda,street,normal,,09:00:00,18:00:00
OUT-TECH-002,Tech,Colombo,Peliyagoda,mall_bay,mall_dock,10:00-15:00,09:00:00,18:00:00
OUT-TECH-003,Tech,Colombo,Peliyagoda,street,normal,,09:00:00,18:00:00
OUT-TECH-004,Tech,Colombo,Peliyagoda,mall_bay,mall_dock,10:00-15:00,09:00:00,18:00:00
OUT-TECH-005,Tech,Colombo,Peliyagoda,street,normal,,09:00:00,18:00:00
OUT-TECH-006,Tech,Colombo,Peliyagoda,mall_bay,mall_dock,10:00-15:00,09:00:00,18:00:00
OUT-TECH-007,Tech,Colombo,Peliyagoda,street,normal,,09:00:00,18:00:00
OUT-TECH-008,Tech,Gampaha,Peliyagoda,street,normal,,09:00:00,17:00:00
OUT-TECH-009,Tech,Gampaha,Peliyagoda,street,normal,,09:00:00,17:00:00
OUT-TECH-010,Tech,Gampaha,Peliyagoda,street,normal,,09:00:00,17:00:00
OUT-TECH-011,Tech,Kandy,Kandy,street,normal,,09:00:00,18:00:00
OUT-TECH-012,Tech,Kandy,Kandy,street,normal,,09:00:00,18:00:00
OUT-TECH-013,Tech,Kandy,Kandy,street,normal,,09:00:00,18:00:00
OUT-TECH-014,Tech,Kandy,Kandy,street,van_only,,09:00:00,18:00:00
OUT-TECH-015,Tech,Matale,Kandy,rear_dock,normal,,09:00:00,17:00:00
