vehicle_id,type,temp,weight_cap_kg,volume_cap_m3,fuel_type,km_per_l,weekly_fuel_quota_l,depot
VEH-001,truck,reefer,4500,22.0,diesel,4.5,250.0,Peliyagoda
VEH-002,truck,reefer,4500,22.0,diesel,4.5,250.0,Peliyagoda
VEH-003,truck,reefer,4500,22.0,diesel,4.5,250.0,Peliyagoda
VEH-004,truck,reefer,4500,22.0,diesel,4.5,250.0,Peliyagoda
VEH-005,truck,reefer,4500,22.0,diesel,4.5,250.0,Peliyagoda
VEH-006,truck,reefer,4500,22.0,diesel,4.5,250.0,Peliyagoda
VEH-007,truck,reefer,4500,22.0,diesel,4.5,250.0,Peliyagoda
VEH-008,truck,reefer,4500,22.0,diesel,4.5,250.0,Peliyagoda
VEH-009,truck,reefer,4500,22.0,diesel,4.5,250.0,Peliyagoda
VEH-010,truck,reefer,4500,22.0,diesel,4.2,220.0,Kandy
VEH-011,truck,reefer,4500,22.0,diesel,4.2,220.0,Kandy
VEH-012,truck,reefer,4500,22.0,diesel,4.2,220.0,Kandy
VEH-013,truck,ambient,5000,25.0,diesel,5.0,250.0,Peliyagoda
VEH-014,truck,ambient,5000,25.0,diesel,5.0,250.0,Peliyagoda
VEH-015,truck,ambient,5000,25.0,diesel,5.0,250.0,Peliyagoda
VEH-016,truck,ambient,5000,25.0,diesel,5.0,250.0,Peliyagoda
VEH-017,truck,ambient,5000,25.0,diesel,5.0,250.0,Peliyagoda
VEH-018,truck,ambient,5000,25.0,diesel,5.0,250.0,Peliyagoda
VEH-019,truck,ambient,5000,25.0,diesel,5.0,250.0,Peliyagoda
VEH-020,truck,ambient,5000,25.0,diesel,5.0,250.0,Peliyagoda
VEH-021,truck,ambient,5000,25.0,diesel,5.0,250.0,Peliyagoda
VEH-022,truck,ambient,5000,25.0,diesel,5.0,250.0,Peliyagoda
VEH-023,truck,ambient,5000,25.0,diesel,5.0,250.0,Peliyagoda
VEH-024,truck,ambient,5000,25.0,diesel,5.0,250.0,Peliyagoda
VEH-025,truck,ambient,5000,25.0,diesel,5.0,250.0,Peliyagoda
VEH-026,truck,ambient,5000,25.0,diesel,5.0,250.0,Peliyagoda
VEH-027,truck,ambient,5000,25.0,diesel,5.0,250.0,Peliyagoda
VEH-028,truck,ambient,5000,25.0,diesel,5.0,250.0,Peliyagoda
VEH-029,truck,ambient,5000,25.0,diesel,5.0,250.0,Peliyagoda
VEH-030,truck,ambient,5000,25.0,diesel,5.0,250.0,Peliyagoda
VEH-031,truck,ambient,5000,25.0,diesel,5.0,250.0,Peliyagoda
VEH-032,truck,ambient,5000,25.0,diesel,5.0,250.0,Peliyagoda
VEH-033,truck,ambient,5000,25.0,diesel,5.0,250.0,Peliyagoda
VEH-034,truck,ambient,5000,25.0,diesel,5.0,250.0,Peliyagoda
VEH-035,truck,ambient,5000,25.0,diesel,5.0,250.0,Peliyagoda
VEH-036,truck,ambient,5000,25.0,diesel,5.0,250.0,Peliyagoda
VEH-037,truck,ambient,5000,25.0,diesel,5.0,250.0,Peliyagoda
VEH-038,truck,ambient,5000,25.0,diesel,5.0,250.0,Peliyagoda
VEH-039,truck,ambient,5000,25.0,diesel,5.0,250.0,Peliyagoda
VEH-040,truck,ambient,5000,25.0,diesel,5.0,250.0,Peliyagoda
VEH-041,truck,ambient,5000,25.0,diesel,4.8,220.0,Kandy
VEH-042,truck,ambient,5000,25.0,diesel,4.8,220.0,Kandy
VEH-043,truck,ambient,5000,25.0,diesel,4.8,220.0,Kandy
VEH-044,truck,ambient,5000,25.0,diesel,4.8,220.0,Kandy
VEH-045,truck,ambient,5000,25.0,diesel,4.8,220.0,Kandy
VEH-046,truck,ambient,5000,25.0,diesel,4.8,220.0,Kandy
VEH-047,truck,ambient,5000,25.0,diesel,4.8,220.0,Kandy
VEH-048,truck,ambient,5000,25.0,diesel,4.8,220.0,Kandy
VEH-049,truck,ambient,5000,25.0,diesel,4.8,220.0,Kandy
VEH-050,truck,ambient,5000,25.0,diesel,4.8,220.0,Kandy
VEH-051,truck,ambient,5000,25.0,diesel,4.8,220.0,Kandy
VEH-052,truck,ambient,5000,25.0,diesel,4.8,220.0,Kandy
VEH-053,van,reefer,1500,8.0,diesel,8.5,120.0,Peliyagoda
VEH-054,van,reefer,1500,8.0,diesel,8.5,120.0,Peliyagoda
VEH-055,van,reefer,1500,8.0,diesel,8.5,120.0,Peliyagoda
VEH-056,van,reefer,1500,8.0,diesel,8.0,110.0,Kandy
VEH-057,van,ambient,1500,8.5,diesel,9.5,120.0,Peliyagoda
VEH-058,van,ambient,1500,8.5,diesel,9.5,120.0,Peliyagoda
VEH-059,van,ambient,1500,8.5,diesel,9.0,110.0,Kandy
VEH-060,van,ambient,1500,8.5,diesel,9.0,110.0,Kandy
